CruiseLine,ShipName
,
AIDA Cruises,AIDAcosma
,
AIDA Cruises,AIDAnova
,
AIDA Cruises,AIDAprima
,
AIDA Cruises,AIDAperla
,
AIDA Cruises,AIDAstella
,
AIDA Cruises,AIDAblu
,
AIDA Cruises,AIDAsol
,
AIDA Cruises,AIDAmar
,
AIDA Cruises,AIDAbella
,
AIDA Cruises,AIDAluna
,
AIDA Cruises,AIDAdiva
,
Ambassador Cruise Line,Ambience
,
Ambassador Cruise Line,Ambition
,
Asuka Cruise (NYK),Asuka II
,
Azamara,Azamara Journey
,
Azamara,Azamara Quest
,
Azamara,Azamara Pursuit
,
Azamara,Azamara Onward
,
Carnival Cruise Line,Carnival Jubilee
,
Carnival Cruise Line,Carnival Celebration
,
Carnival Cruise Line,Mardi Gras
,
Carnival Cruise Line,Carnival Venezia
,
Carnival Cruise Line,Carnival Firenze
,
Carnival Cruise Line,Carnival Panorama
,
Carnival Cruise Line,Carnival Horizon
,
Carnival Cruise Line,Carnival Vista
,
Carnival Cruise Line,Carnival Breeze
,
Carnival Cruise Line,Carnival Magic
,
Carnival Cruise Line,Carnival Dream
,
Carnival Cruise Line,Carnival Sunshine
,
Carnival Cruise Line,Carnival Sunrise
,
Carnival Cruise Line,Carnival Radiance
,
Carnival Cruise Line,Carnival Conquest
,
Carnival Cruise Line,Carnival Glory
,
Carnival Cruise Line,Carnival Valor
,
Carnival Cruise Line,Carnival Liberty
,
Carnival Cruise Line,Carnival Freedom
,
Carnival Cruise Line,Carnival Splendor
,
Carnival Cruise Line,Carnival Legend
,
Carnival Cruise Line,Carnival Miracle
,
Carnival Cruise Line,Carnival Spirit
,
Carnival Cruise Line,Carnival Elation
,
Carnival Cruise Line,Carnival Paradise
,
Celebrity Cruises,Celebrity Ascent
,
Celebrity Cruises,Celebrity Beyond
,
Celebrity Cruises,Celebrity Apex
,
Celebrity Cruises,Celebrity Edge
,
Celebrity Cruises,Celebrity Reflection
,
Celebrity Cruises,Celebrity Silhouette
,
Celebrity Cruises,Celebrity Eclipse
,
Celebrity Cruises,Celebrity Equinox
,
Celebrity Cruises,Celebrity Solstice
,
Celebrity Cruises,Celebrity Millennium
,
Celebrity Cruises,Celebrity Infinity
,
Celebrity Cruises,Celebrity Summit
,
Celebrity Cruises,Celebrity Constellation
,
Celestyal Cruises,Celestyal Journey
,
Celestyal Cruises,Celestyal Discovery
,
Costa Cruises,Costa Smeralda
,
Costa Cruises,Costa Toscana
,
Costa Cruises,Costa Diadema
,
Costa Cruises,Costa Fascinosa
,
Costa Cruises,Costa Favolosa
,
Costa Cruises,Costa Deliziosa
,
Costa Cruises,Costa Pacifica
,
Costa Cruises,Costa Firenze
,
Costa Cruises,Costa Venezia
,
Cunard Line,Queen Anne
,
Cunard Line,Queen Mary 2
,
Cunard Line,Queen Victoria
,
Cunard Line,Queen Elizabeth
,
Disney Cruise Line,Disney Wish
,
Disney Cruise Line,Disney Treasure
,
Disney Cruise Line,Disney Fantasy
,
Disney Cruise Line,Disney Dream
,
Disney Cruise Line,Disney Magic
,
Disney Cruise Line,Disney Wonder
,
Emerald Cruises (Ocean),Emerald Azzurra
,
Emerald Cruises (Ocean),Emerald Sakara
,
Explora Journeys,EXPLORA I
,
Explora Journeys,EXPLORA II
,
Fred. Olsen Cruise Lines,Bolette
,
Fred. Olsen Cruise Lines,Borealis
,
Fred. Olsen Cruise Lines,Balmoral
,
Hapag-Lloyd Cruises,MS Europa
,
Hapag-Lloyd Cruises,MS Europa 2
,
Hapag-Lloyd Cruises,Hanseatic Nature
,
Hapag-Lloyd Cruises,Hanseatic Inspiration
,
Hapag-Lloyd Cruises,Hanseatic Spirit
,
Holland America Line,Rotterdam
,
Holland America Line,Nieuw Statendam
,
Holland America Line,Koningsdam
,
Holland America Line,Nieuw Amsterdam
,
Holland America Line,Eurodam
,
Holland America Line,Noordam
,
Holland America Line,Westerdam
,
Holland America Line,Oosterdam
,
Holland America Line,Zuiderdam
,
Holland America Line,Volendam
,
Holland America Line,Zaandam
,
Hurtigruten Expeditions,MS Roald Amundsen
,
Hurtigruten Expeditions,MS Fridtjof Nansen
,
Hurtigruten Expeditions,MS Maud
,
Hurtigruten Expeditions,MS Spitsbergen
,
Hurtigruten Expeditions,MS Fram
,
Hurtigruten Expeditions,MS Otto Sverdrup
,
Lindblad Expeditions–National Geographic,National Geographic Endurance
,
Lindblad Expeditions–National Geographic,National Geographic Resolution
,
Lindblad Expeditions–National Geographic,National Geographic Explorer
,
Lindblad Expeditions–National Geographic,National Geographic Orion
,
Lindblad Expeditions–National Geographic,National Geographic Venture
,
Lindblad Expeditions–National Geographic,National Geographic Quest
,
Lindblad Expeditions–National Geographic,National Geographic Islander II
,
Lindblad Expeditions–National Geographic,National Geographic Endeavour II
,
Lindblad Expeditions–National Geographic,National Geographic Sea Lion
,
Lindblad Expeditions–National Geographic,National Geographic Sea Bird
,
MSC Cruises,MSC World Europa
,
MSC Cruises,MSC Euribia
,
MSC Cruises,MSC Seascape
,
MSC Cruises,MSC Seashore
,
MSC Cruises,MSC Seaside
,
MSC Cruises,MSC Seaview
,
MSC Cruises,MSC Meraviglia
,
MSC Cruises,MSC Bellissima
,
MSC Cruises,MSC Grandiosa
,
MSC Cruises,MSC Virtuosa
,
MSC Cruises,MSC Preziosa
,
MSC Cruises,MSC Divina
,
MSC Cruises,MSC Splendida
,
MSC Cruises,MSC Fantasia
,
MSC Cruises,MSC Magnifica
,
MSC Cruises,MSC Poesia
,
MSC Cruises,MSC Orchestra
,
MSC Cruises,MSC Musica
,
MSC Cruises,MSC Opera
,
MSC Cruises,MSC Lirica
,
MSC Cruises,MSC Armonia
,
MSC Cruises,MSC Sinfonia
,
Marella Cruises,Marella Discovery
,
Marella Cruises,Marella Discovery 2
,
Marella Cruises,Marella Explorer
,
Marella Cruises,Marella Explorer 2
,
Marella Cruises,Marella Voyager
,
Norwegian Cruise Line,Norwegian Aqua
,
Norwegian Cruise Line,Norwegian Viva
,
Norwegian Cruise Line,Norwegian Prima
,
Norwegian Cruise Line,Norwegian Encore
,
Norwegian Cruise Line,Norwegian Bliss
,
Norwegian Cruise Line,Norwegian Joy
,
Norwegian Cruise Line,Norwegian Escape
,
Norwegian Cruise Line,Norwegian Getaway
,
Norwegian Cruise Line,Norwegian Breakaway
,
Norwegian Cruise Line,Norwegian Epic
,
Norwegian Cruise Line,Norwegian Gem
,
Norwegian Cruise Line,Norwegian Jade
,
Norwegian Cruise Line,Norwegian Jewel
,
Norwegian Cruise Line,Norwegian Pearl
,
Norwegian Cruise Line,Norwegian Star
,
Norwegian Cruise Line,Norwegian Dawn
,
Norwegian Cruise Line,Norwegian Sun
,
Norwegian Cruise Line,Norwegian Sky
,
Norwegian Cruise Line,Norwegian Spirit
,
Norwegian Cruise Line,Pride of America
,
Oceania Cruises,Vista
,
Oceania Cruises,Marina
,
Oceania Cruises,Riviera
,
Oceania Cruises,Regatta
,
Oceania Cruises,Insignia
,
Oceania Cruises,Nautica
,
Oceania Cruises,Sirena
,
Oceania Cruises,Allura
,
P&O Cruises (UK),Iona
,
P&O Cruises (UK),Arvia
,
P&O Cruises (UK),Britannia
,
P&O Cruises (UK),Ventura
,
P&O Cruises (UK),Azura
,
P&O Cruises (UK),Aurora
,
P&O Cruises (UK),Arcadia
,
P&O Cruises Australia,Pacific Adventure
,
P&O Cruises Australia,Pacific Encounter
,
P&O Cruises Australia,Pacific Explorer
,
PONANT,Le Commandant Charcot
,
PONANT,Le Boréal
,
PONANT,L’Austral
,
PONANT,Le Soléal
,
PONANT,Le Lyrial
,
PONANT,Le Lapérouse
,
PONANT,Le Champlain
,
PONANT,Le Bougainville
,
PONANT,Le Dumont‑d’Urville
,
PONANT,Le Bellot
,
PONANT,Le Jacques‑Cartier
,
PONANT,Le Ponant
,
Paul Gauguin Cruises,Paul Gauguin
,
Peace Boat,Pacific World
,
Phoenix Reisen,MS Amadea
,
Phoenix Reisen,MS Artania
,
Phoenix Reisen,MS Amera
,
Phoenix Reisen,MS Deutschland
,
Princess Cruises,Sun Princess
,
Princess Cruises,Discovery Princess
,
Princess Cruises,Enchanted Princess
,
Princess Cruises,Sky Princess
,
Princess Cruises,Majestic Princess
,
Princess Cruises,Regal Princess
,
Princess Cruises,Royal Princess
,
Princess Cruises,Caribbean Princess
,
Princess Cruises,Crown Princess
,
Princess Cruises,Emerald Princess
,
Princess Cruises,Ruby Princess
,
Princess Cruises,Sapphire Princess
,
Princess Cruises,Diamond Princess
,
Princess Cruises,Coral Princess
,
Regent Seven Seas Cruises,Seven Seas Grandeur
,
Regent Seven Seas Cruises,Seven Seas Splendor
,
Regent Seven Seas Cruises,Seven Seas Explorer
,
Regent Seven Seas Cruises,Seven Seas Voyager
,
Regent Seven Seas Cruises,Seven Seas Mariner
,
Regent Seven Seas Cruises,Seven Seas Navigator
,
Royal Caribbean International,Icon of the Seas
,
Royal Caribbean International,Utopia of the Seas
,
Royal Caribbean International,Wonder of the Seas
,
Royal Caribbean International,Odyssey of the Seas
,
Royal Caribbean International,Spectrum of the Seas
,
Royal Caribbean International,Quantum of the Seas
,
Royal Caribbean International,Anthem of the Seas
,
Royal Caribbean International,Ovation of the Seas
,
Royal Caribbean International,Harmony of the Seas
,
Royal Caribbean International,Symphony of the Seas
,
Royal Caribbean International,Oasis of the Seas
,
Royal Caribbean International,Allure of the Seas
,
Royal Caribbean International,Independence of the Seas
,
Royal Caribbean International,Freedom of the Seas
,
Royal Caribbean International,Liberty of the Seas
,
Royal Caribbean International,Navigator of the Seas
,
Royal Caribbean International,Mariner of the Seas
,
Royal Caribbean International,Adventure of the Seas
,
Royal Caribbean International,Explorer of the Seas
,
Royal Caribbean International,Voyager of the Seas
,
Royal Caribbean International,Radiance of the Seas
,
Royal Caribbean International,Brilliance of the Seas
,
Royal Caribbean International,Serenade of the Seas
,
Royal Caribbean International,Jewel of the Seas
,
Royal Caribbean International,Grandeur of the Seas
,
Royal Caribbean International,Rhapsody of the Seas
,
Royal Caribbean International,Enchantment of the Seas
,
Royal Caribbean International,Vision of the Seas
,
Royal Caribbean International,Star of the Seas
,
Saga Cruises,Spirit of Discovery
,
Saga Cruises,Spirit of Adventure
,
Scenic Luxury Cruises & Tours,Scenic Eclipse
,
Scenic Luxury Cruises & Tours,Scenic Eclipse II
,
SeaDream Yacht Club,SeaDream I
,
SeaDream Yacht Club,SeaDream II
,
Seabourn,Seabourn Pursuit
,
Seabourn,Seabourn Venture
,
Seabourn,Seabourn Encore
,
Seabourn,Seabourn Ovation
,
Seabourn,Seabourn Quest
,
Seabourn,Seabourn Sojourn
,
Silversea Cruises,Silver Nova
,
Silversea Cruises,Silver Ray
,
Silversea Cruises,Silver Dawn
,
Silversea Cruises,Silver Moon
,
Silversea Cruises,Silver Muse
,
Silversea Cruises,Silver Spirit
,
Silversea Cruises,Silver Whisper
,
Silversea Cruises,Silver Shadow
,
Silversea Cruises,Silver Wind
,
Silversea Cruises,Silver Cloud
,
Silversea Cruises,Silver Origin
,
Silversea Cruises,Silver Explorer
,
Silversea Cruises,Silver Endeavour
,
Star Clippers,Star Clipper
,
Star Clippers,Star Flyer
,
Star Clippers,Royal Clipper
,
Swan Hellenic,SH Minerva
,
Swan Hellenic,SH Vega
,
Swan Hellenic,SH Diana
,
TUI Cruises (Mein Schiff),Mein Schiff 1
,
TUI Cruises (Mein Schiff),Mein Schiff 2
,
TUI Cruises (Mein Schiff),Mein Schiff 3
,
TUI Cruises (Mein Schiff),Mein Schiff 4
,
TUI Cruises (Mein Schiff),Mein Schiff 5
,
TUI Cruises (Mein Schiff),Mein Schiff 6
,
TUI Cruises (Mein Schiff),Mein Schiff 7
,
Tradewind Voyages,Golden Horizon
,
Viking Ocean Cruises,Viking Star
,
Viking Ocean Cruises,Viking Sea
,
Viking Ocean Cruises,Viking Sky
,
Viking Ocean Cruises,Viking Orion
,
Viking Ocean Cruises,Viking Jupiter
,
Viking Ocean Cruises,Viking Venus
,
Viking Ocean Cruises,Viking Mars
,
Viking Ocean Cruises,Viking Neptune
,
Viking Ocean Cruises,Viking Saturn
,
Viking Ocean Cruises,Viking Valiant
,
Virgin Voyages,Scarlet Lady
,
Virgin Voyages,Valiant Lady
,
Virgin Voyages,Resilient Lady
,
Virgin Voyages,Brilliant Lady
,
Windstar Cruises,Wind Surf
,
Windstar Cruises,Wind Star
,
Windstar Cruises,Wind Spirit
,
Windstar Cruises,Star Pride
,
Windstar Cruises,Star Breeze
,
Windstar Cruises,Star Legend
